Item No.,Short Description,Long Description,Unit,BoQ Qty
0,Installations de chantier et prestations générales,,,
00.01.,Installations de chantier,,,
00.01.0010.,"Installation de chantier, toutes zones de travaux","Amenée et installation des bungalows, cantonnements, ateliers, aires clôturées et raccordements aux réseaux pour toute la durée du marché.",Ft,1
00.01.0020.,Fonctionnement et entretien des installations de chantier,"Frais de fonctionnement y compris nettoyage, gardiennage, consommations d'eau et d'électricité, collecte des déchets de bureau.",mois,26
00.01.0030.,Repli des installations et remise en état des emprises,"Enlèvement des installations provisoires, démolition des plateformes et remise en état des terrains avec accord du propriétaire.",Ft,1
00.02.,Exploitation sous chantier,,,
00.02.0010.,"Basculement de chaussée 4+0, phase 1, travaux sens nord","Signalisation temporaire PK 0+000–3+600 y compris interruptions de TPC, glissières provisoires, signalisation, éclairage et inspection quotidienne.",j,185
00.02.0020.,Fermetures nocturnes des bretelles y compris déviations,Fermeture des bretelles B1–B4 de 21 h à 5 h y compris signalisation de déviation et coordination avec les forces de l'ordre.,U,42
00.02.0030.,"Panneaux à messages variables mobiles, location et déplacement","Remorques PMV à alimentation solaire, y compris programmation et déplacements sur demande.",mois,18
00.03.,"Études, essais et suivi",,,
00.03.0010.,"Implantation, canevas topographique et récolement","Mise en place et entretien du canevas, implantation de l'ensemble des ouvrages, plans de récolement au format DAO convenu.",Ft,1
00.03.0020.,Constats contradictoires avant et après travaux,État des lieux photographique des propriétés riveraines y compris témoins de fissuration si nécessaire.,U,16
00.03.0030.,Suivi vibratoire et acoustique des tirs,"Mesures vibratoires triaxiales chez les riverains sensibles et enregistrement sonore, rapport sous 24 h après chaque tir.",j,240
00.03.0040.,Auscultation sonique des pieux forés,"Essais par transparence sonique dans tubes de réservation, 4 tubes par pieu, rapport par pieu.",U,64
00.03.0050.,"Essai de chargement statique sur pieu d'essai, 1,5 × charge de service","Essai à charge maintenue y compris massif de réaction, instrumentation et rapport d'interprétation.",U,2
1,"Dégagement des emprises, démolitions et terrassements",,,
01.01.,Dégagement des emprises,,,
01.01.0010.,"Débroussaillage, dessouchage, arbres de circonférence ≤ 300 mm","Débroussaillage dans les emprises PK 0+000–4+800, dessouchage, broyage et évacuation des produits.",m²,18500
01.01.0020.,Abattage d'arbres de circonférence > 300 mm y compris rognage des souches,"Abattage hors période de nidification, rognage des souches à 300 mm sous le niveau fini, bois mis à disposition du propriétaire.",U,64
01.02.,"Démolitions, déposes et déchets",,,
01.02.0010.,"Démolition des dalles de chaussée existantes, 240 mm, évacuation vers recycleur","Démolition des dalles non armées de la chaussée béton à joints du sens nord, chargement et transport vers installation de recyclage agréée; bons de pesée exigés.",t,4350
01.02.0020.,"Démolition des murs des gares de péage, tri de la maçonnerie","Maçonnerie porteuse en terre cuite des anciennes gares de péage GP1–GP4 triée séparément, évacuée sous code déchet 17 01 02.",t,210
01.02.0030.,"Dépose des revêtements muraux et de sol, bloc sanitaire","Dépose des faïences et carrelages émaillés de l'ancien bâtiment de service, collecte séparée en bennes.",t,18
01.02.0040.,"Démolition de la superstructure du poste de relevage, gravats mixtes","Gravats minéraux mélangés (béton, maçonnerie, carrelage) exempts de substances dangereuses selon diagnostic déchets, vers centre de tri.",t,340
01.02.0080.,"Dépose des glissières et supports, ferrailles vers ferrailleur","Glissières existantes y compris supports, écarteurs et fixations, triées et livrées au ferrailleur, recette au profit du maître d'ouvrage.",t,85
01.02.0090.,Dépose des faces de panneaux et bardages de portiques,"Faces de panneaux, profilés extrudés et bardage de portiques en alliage d'aluminium, recyclés via repreneur agréé.",t,6.5
01.02.0100.,Récupération des feuillards de mise à la terre et barres omnibus,"Feuillards de terre, conducteurs d'équipotentialité et barres en cuivre livrés à un recycleur de métaux.",t,1.8
01.02.0110.,Récupération des câbles de signalisation et télécom hors service,Câbles à gaine PVC déposés des caniveaux existants; aucun câble à huile ou imprégné de goudron selon diagnostic.,t,4.2
01.02.0120.,Dépose de tronçons de câbles HTB 110 kV à huile déclassés,"Vidange de l'huile résiduelle, obturation des extrémités et élimination par entreprise agréée.",t,2.8
01.02.0130.,Dépose de palissades et écrans acoustiques en bois non traité,"Palissades et planches d'écran en résineux non traité PK 1+200–1+650, bois vers filière biomasse.",t,38
01.02.0140.,"Enlèvement de poteaux et traverses créosotés, passage agricole",Bois imprégné de créosote stocké en bennes couvertes et éliminé comme déchet dangereux.,t,55
01.02.0150.,Dépose des vitrages des gares de péage,"Menuiseries séparées, verre collecté en benne dédiée.",t,3.1
01.02.0160.,Récupération de canalisations et regards hors service,"Canalisations en PVC-U et regards en PE mis au jour lors des terrassements, nettoyés et envoyés au recyclage.",t,7.4
01.02.0170.,"Canalisations et plaques ondulées en amiante-ciment, retrait par entreprise certifiée","Retrait sous confinement, humidification, double ensachage, installation de stockage agréée, mesures d'empoussièrement.",t,12
01.02.0180.,"Dépose de l'isolation de toiture, poste de relevage","Laine minérale non dangereuse selon diagnostic, mise en sacs et évacuée.",t,2.4
01.02.0190.,"Dépose des cloisons et faux plafonds, bâtiment de service",Plaques de plâtre séparées des gravats minéraux et livrées à une filière de recyclage du plâtre.,t,5.2
01.02.0200.,"Retrait des mastics de joints de façade, PCB > 50 mg/kg",Mastics élastiques contenant des PCB y compris meulage des lèvres de joints; élimination comme déchet dangereux.,t,0.6
01.02.0210.,"Déchets de chantier mélangés non dangereux, service de bennes","Déchets non dangereux en mélange de toutes les zones de travaux en bennes de 20 m³, y compris registre de tri.",t,120
01.03.,Terrassements en déblai,,,
01.03.0010.,"Déblais en grande masse, sols A2–B5, excédents hors chantier","Déblai PK 2+300–3+100, chargement et transport des excédents vers dépôt de l'entreprise ≤ 15 km.",m³,42000
01.03.0020.,"Fouilles en tranchée pour collecteurs, profondeur ≤ 2,5 m",Fouilles y compris réglage et blindage; déblais impropres au remblaiement évacués hors chantier.,m³,3600
01.03.0030.,"Terres impactées aux hydrocarbures, ancienne station-service","Terres dépassant les seuils d'acceptation en ISDI, stockées sur géomembrane, élimination en ISDD avec analyse tous les 500 t.",t,1600
01.03.0040.,"Redevance de mise en dépôt, terres excédentaires non polluées, code 17 05 04","Redevance d'acceptation des terres et cailloux excédentaires en ISDI, y compris analyses d'acceptation préalable.",t,18500
01.03.0050.,Dragage du lit de la rivière dans les batardeaux P3/P4,"Dragage jusqu'au niveau de fondation; sédiments non pollués selon prélèvements, essorés et évacués.",m³,2400
01.03.0060.,Sédiments fins dragués au-delà des seuils métaux lourds,"Sédiments dépassant les seuils Cd/Hg, déshydratés en géotubes, évacuation en ISDD.",m³,350
01.03.0070.,"Déblais rocheux PK 4+100–4+600, calcaire sain, vers concasseur","Calcaire massif extrait par défonçage et tirs contrôlés; LA ≤ 25, apte à la production de granulats concassés, transporté vers l'installation de concassage du chantier.",m³,26000
01.03.0080.,"Déblais rocheux PK 4+600–4+900, moyennement altérés","Calcaire moyennement altéré; après concassage, apte uniquement aux remblais courants et à la couche de forme, pas aux couches liées.",m³,14000
01.03.0090.,"Déblais rocheux, marne très altérée, réemploi en remblai de masse","Marne fracturée réutilisable uniquement en noyau de remblai, mise en œuvre à moins de 2 km.",m³,9500
01.03.0100.,"Déblais rocheux, marne décomposée argileuse, mise en dépôt externe","Marne décomposée classée impropre à tout réemploi, transportée vers dépôt extérieur.",m³,5200
01.03.0110.,"Démolition des anciennes fondations de pont, concassage sur site","Massifs de fondation de l'ancien pont démolis, aciers retirés, concassés sur site en 0/63 pour plateformes de travail.",m³,780
01.03.0120.,"Remblais anthropiques avec débris mélangés, ancien dépôt","Remblais contenant briques, bois et plastiques, non séparables, évacués en installation de stockage.",m³,1100
01.03.0130.,"Fraisats stockés, criblage 0/16 pour réemploi",Fraisats du prix 01.02.0070 criblés en 0/16 et stockés sous abri pour réemploi; granulométrie et teneur en liant contrôlées tous les 1000 t.,t,5600
01.04.,"Remblais, couche de forme et arase",,,
01.04.0010.,"Remblai en matériaux d'apport de carrière, couches de 300 mm","Tout-venant de carrière agréée, compacté par couches ≤ 300 mm, objectif de densification q4.",m³,38000
01.04.0020.,Noyau de remblai en matériaux recyclés 0/63,"Béton et maçonnerie concassés 0/63 issus d'une plateforme de recyclage certifiée, compactés par couche.",m³,12000
01.04.0030.,"Noyau de remblai en agrégats d'enrobés 0/31,5, confiné","Agrégats d'enrobés confinés sous 1,0 m de matériau cohérent, hors périmètres de protection des captages.",m³,4500
01.04.0040.,"Couche de forme en grave concassée 0/63, 400 mm","Roche naturelle concassée de carrière sur arase améliorée, EV2 ≥ 80 MPa en surface.",m³,11200
01.04.0050.,"Couche de forme en béton recyclé 0/56, 300 mm, voies latérales","Béton recyclé concassé sur voies latérales et accès agricoles, EV2 ≥ 60 MPa.",m³,2800
01.04.0060.,"Couche de forme en agrégats d'enrobés 0/45, 250 mm, base vie","Agrégats d'enrobés compactés en deux passes, conservés après travaux.",m³,1900
01.04.0070.,"Traitement de l'arase, CL 90-Q, 3 % en masse sèche","CL 90-Q épandue sur arase cohérente et malaxée au pulvimixeur sur 350 mm, délai de réaction 24 h.",t,780
01.04.0080.,Nappe de séparation non tissée sous couche de forme,"Géosynthétique non tissé, marquage CE selon EN 13249/13251, recouvrements 500 mm sur sol compressible.",m²,26000
01.04.0090.,Terre végétale d'apport 200 mm sur accotements et talus,"Terre végétale criblée de provenance agréée, régalée sur accotements et talus de déblai, légèrement compactée.",m³,3900
01.04.0100.,"Engazonnement hydraulique des talus, mélange local","Hydroensemencement avec mélange de graminées et herbacées locales, mulch et fixateur; regarnissage sous 12 mois.",m²,21000
2,Assainissement,,,
02.01.,Canalisations et regards,,,
02.01.0010.,"Collecteur PP DN 300 SN 8, profondeur 1,5–2,5 m","Tuyau polypropylène à paroi structurée y compris lit de pose et enrobage, assemblage et essai à l'air.",m,2650
02.01.0020.,"Collecteur PP DN 500 SN 8, profondeur 2,0–3,5 m","Tuyau polypropylène à paroi structurée y compris lit de pose, enrobage et essais.",m,820
02.01.0030.,"Regards DN 1000 en éléments préfabriqués, profondeur ≤ 3 m","Fond préfabriqué, rehausses, cône, cadre et tampon D400, échelons; joints élastomères.",U,46
02.01.0040.,Inspection télévisée des réseaux neufs,"Inspection de l'ensemble des réseaux avant réception, rapport et vidéo codifiés selon EN 13508-2.",m,3470
02.02.,"Caniveaux, filtres et gouttières",,,
02.02.0010.,"Caniveaux à fente, terre-plein central","Éléments préfabriqués de caniveau à fente de 1,0 m avec boîtes de visite tous les 30 m, posés et épaulés en C12/15.",m,1450
02.02.0020.,"Couche filtrante 0/4, sable naturel lavé, 300 mm","Sable naturel lavé en dos d'ouvrages et autour des tranchées drainantes, compacté à la plaque.",m³,640
02.02.0030.,"Couche filtrante 0/4, fines de béton recyclé, drains du bassin d'infiltration","Fines lavées issues du recyclage de béton, en couche filtrante sous les drains du bassin.",m³,380
02.02.0040.,"Gouttières DN 125 et descentes DN 100, bâtiment d'exploitation","Gouttières demi-rondes et descentes en PVC non plastifié, crochets tous les 600 mm, raccordées au réseau EP.",m,180
02.02.0050.,Bordures de fossés en profilés de polyoléfines recyclées,"Profilés pleins extrudés en polyoléfines recyclées mélangées, 40 × 200 mm, fixés sur piquets tous les 1,5 m.",m,900
3,Chaussées,,,
03.01.,Couches non liées,,,
03.01.0010.,"Couche de fondation en GNT 0/31,5 de carrière, 350 mm","Grave non traitée concassée d'origine naturelle, EV2 ≥ 120 MPa en surface.",m³,21500
03.01.0020.,"Couche de fondation en GNT recyclée 0/45, 300 mm, bretelles","Granulats de béton recyclé 0/45, bretelles B1–B4.",m³,3400
03.01.0030.,"Couche de fondation en agrégats d'enrobés 0/31,5, 250 mm, chemins ruraux","Agrégats d'enrobés sans goudron (HAP < 50 mg/kg), chemins ruraux.",m³,1250
03.01.0040.,"Couche de base en GNT concassée 0/31,5, 150 mm, section courante","Grave non traitée de roche massive concassée sur couche de fondation, EV2 ≥ 150 MPa.",m³,9400
03.01.0050.,"Couche de base 0/31,5 en béton recyclé, arrêts de bus","Béton recyclé concassé en couche de base non liée des encoches d'arrêt de bus, 200 mm.",m³,420
03.01.0060.,"Couche de base 0/20 en agrégats d'enrobés, trottoir et piste cyclable","Agrégats d'enrobés en couche de base non liée, 150 mm.",m³,610
03.01.0070.,"Pistes d'entretien, revêtement en grave 0/16, 100 mm",Grave naturelle concassée 0/16 avec fines liantes sur pistes d'accès aux bassins et portiques.,m²,5200
03.01.0080.,"Surface de circulation de la base vie, béton recyclé 0/31,5, 150 mm",Béton recyclé concassé en surface de roulement des aires de base vie et de stockage.,m²,8400
03.01.0090.,"Surface des pistes de chantier provisoires, agrégats d'enrobés 0/31,5","Agrégats d'enrobés en surface des pistes de chantier, reprofilage mensuel.",m²,6000
03.01.0100.,"Gravier concassé 16/32 sous dallage, 250 mm",Roche de carrière concassée en hérisson anticapillaire sous dallage du bâtiment d'exploitation.,m³,310
03.01.0110.,"Assise sous dalot DL-2, béton recyclé 0/45","Béton recyclé concassé sous dalot après substitution de sol, compacté par couches de 200 mm.",m³,260
03.02.,Assises traitées et recyclées,,,
03.02.0010.,"Grave-ciment C8/10, 200 mm, bandes d'arrêt d'urgence","Grave traitée au ciment fabriquée en centrale selon EN 14227-1, préfissurée tous les 3 m, cure par enduit à l'émulsion.",m²,14000
03.02.0020.,"Retraitement en place, mousse de bitume + 1 % ciment, QVE, 250 mm","Retraitement à froid de la chaussée existante en place à la mousse de bitume, comportement viscoélastique rapide; étude de formulation par laboratoire agréé.",m²,9800
03.02.0030.,"Grave-mousse fabriquée en centrale, SVE, 200 mm","Retraitement à froid en centrale, comportement viscoélastique lent; teneur en eau des stocks contrôlée.",m²,6400
03.02.0040.,Béton drainant sans fines en assise sous chaussée en déblai,"Béton caverneux sans fines, taux de vides ≥ 15 %, mis en œuvre sans vibration.",m³,1450
03.02.0050.,"Couche de base en béton maigre C8/10 sous chaussée béton, 150 mm","Couche non armée sous chaussée à joints de l'aire de repos, mise en œuvre au finisseur, film de désolidarisation.",m³,2100
03.02.0060.,"Couche de base C12/15 sous pavés, gare routière","Couche de 150 mm sous pavage de la gare routière, pentes 2,5 % vers les caniveaux.",m³,380
03.02.0070.,"Couche de base C20/25 sous voies PL, coffrage glissant, 200 mm","Couche coulée à la machine à coffrage glissant sous chaussée lourde, saignées tous les 5 m, désolidarisation avant la couche supérieure.",m³,2900
03.02.0080.,"Couche de base C30/37, plateforme conteneurs, 250 mm","Couche sous dalles de surface du terminal conteneurs, joints de construction goujonnés.",m³,1150
03.02.0090.,"Liant pour grave-ciment, CEM II/B-S 42,5 N","Fourniture en centrale pour couches d'assise traitées au ciment, livraison en vrac.",t,1150
03.02.0100.,"Liant de traitement CEM III/A 42,5 N-SR, sols sulfatés",Pour traitement des sols en place lorsque la teneur en sulfates dépasse 3000 mg/kg.,t,640
03.02.0110.,"Traitement rapide des plateformes de travail, CEM I 42,5 R",Épandu et malaxé pour une montée en résistance rapide des plateformes de forage.,t,220
03.02.0120.,"Accotements traités, CEM V/A (S-V) 32,5 N","Traitement des accotements et bermes, dosage 5 %.",t,310
03.02.0130.,"Cendres volantes siliceuses selon EN 14227-4, assise traitée","Constituant de grave traitée aux cendres volantes, livrées humidifiées (teneur en eau 10–15 %).",t,480
03.02.0140.,"Laitier moulu selon EN 14227-2, grave-laitier","Laitier granulé de haut fourneau moulu, constituant liant de la grave-laitier.",t,360
03.02.0150.,"CL 90-S pour traitement de limons argileux, 2,5 %",Hydroxyde de calcium en poudre pour traitement des limons argileux sous les bretelles.,t,190
03.02.0160.,"Granulats 0/31,5 pour grave-ciment, concassés naturels","Granulats de carrière concassés livrés en centrale de grave-ciment, fuseau selon EN 14227-1.",t,6200
03.02.0170.,"Sable 0/4 pour grave-ciment, sable de béton recyclé",Fines de béton recyclé incorporées à la grave-ciment à 30 % maximum de la masse granulaire.,t,1800
03.02.0180.,"Farine de roche 0/0,063 (diabase) pour assise traitée",Farine de diabase en correction de fines des assises traitées.,t,140
03.02.0190.,"Fines calcaires 0/0,125 pour assise traitée",Calcaire broyé en composant fin des couches de fondation traitées aux liants hydrauliques.,t,160
03.02.0200.,"Retardateur de prise pour grave-ciment, délai de maniabilité prolongé",Prolonge le délai de maniabilité de la grave-ciment à 4 h en été; dosage selon épreuve de convenance.,t,3.5
03.02.0210.,"Microsilice densifiée, assise des arrêts de bus",Ajoutée à l'assise traitée des arrêts de bus pour la résistance au jeune âge et à l'abrasion.,t,12
03.03.,Couches bitumineuses,,,
03.03.0010.,"GB 3 0/20, 100 mm, lot 1 PK 0+000–0+850","Couche de base inférieure en grave-bitume selon EN 13108-1, bitume 35/50, fabriquée à chaud à 160–180 °C, matériaux neufs uniquement (agrégats d'enrobés interdits sur ce lot).",t,9800
03.03.0020.,"GB 4 0/14, 80 mm, lot 1, 30 % AE","Couche de base supérieure fabriquée à chaud, taux d'agrégats d'enrobés 30 % en masse, bitume 35/50.",t,7600
03.03.0030.,"GB 3 0/20, 120 mm, lot 2, 50 % AE","Couche de base avec 50 % d'agrégats d'enrobés, fabriquée à chaud en centrale à double tambour, PK 0+850–1+900.",t,11400
03.03.0040.,"GB 4 0/14 tiède, 80 mm, approches du tunnel","Couche de base fabriquée et mise en œuvre à ≤ 130 °C, sans agrégats d'enrobés.",t,2600
03.03.0050.,"GB 3 0/20 tiède, 50 % AE, lot 3","Couche de base fabriquée à ≤ 130 °C avec 50 % d'agrégats d'enrobés, PK 1+900–2+700.",t,8200
03.03.0060.,"EME 2 0/14, 90 mm, voies PL, matériaux neufs","Enrobé à module élevé en couche de base, bitume dur 15/25, fabriqué à chaud, sans AE, voies 1–2 PK 2+700–3+600; module ≥ 14 000 MPa.",t,5400
03.03.0070.,"EME 2 0/14, 90 mm, 50 % AE, voies 1–2 lot 4","Couche de base à module élevé fabriquée à chaud avec 50 % d'agrégats d'enrobés, PK 3+600–4+800.",t,6100
03.03.0080.,"EME 2 0/14 tiède, 30 % AE, bretelles","Couche de base à module élevé fabriquée à température abaissée avec 30 % d'agrégats d'enrobés, bretelles B1–B4.",t,1800
03.03.0090.,"BBSG 0/14 en couche de liaison, 60 mm, deux sens, matériaux neufs","Couche de liaison, bitume modifié 25/55-55, fabriquée à chaud, sans AE, PK 0+000–1+900.",t,6800
03.03.0100.,"BBSG 0/14 en liaison, 70 mm, 30 % AE, lot 2","Couche de liaison fabriquée à chaud avec 30 % d'agrégats d'enrobés, y compris couche d'accrochage.",t,5200
03.03.0110.,"BBSG 0/10 liaison tiède, 30 % AE, travaux de nuit","Couche de liaison fabriquée à ≤ 130 °C avec 30 % d'agrégats d'enrobés, mise en œuvre sous fermetures nocturnes.",t,2400
03.03.0120.,"EME 2 0/10 en couche de liaison, approches du pont","Enrobé à module élevé en couche intermédiaire, fabriqué à chaud, sans AE.",t,1300
03.03.0130.,"HRA 60/20 en liaison, voies latérales, 20 % AE","Enrobé cylindré à chaud type HRA en couche de liaison avec 20 % d'agrégats d'enrobés, voies latérales et carrefours.",t,900
03.03.0140.,"SMA 0/14 en liaison, 50 mm, bitume modifié, approches du pont","Couche intermédiaire en SMA, PmB 45/80-65, stabilisée aux fibres, fabriquée à chaud, sans AE.",t,780
03.03.0150.,"SMA 0/14 liaison tiède, carrefours","Couche intermédiaire fabriquée à température abaissée, sans AE, carrefours C1–C3.",t,640
03.03.0160.,"SMA 0/14 liaison, 50 % AE, lot 4","Couche intermédiaire fabriquée à chaud avec 50 % d'agrégats d'enrobés, PK 3+600–4+800.",t,1500
03.03.0170.,"BBSG 0/10, 40 mm, bretelles et aires d'arrêt, matériaux neufs","Couche de roulement fabriquée à chaud, sans AE, y compris raccords manuels.",t,2100
03.03.0180.,"BBSG 0/10, 40 mm, 20 % AE, voies latérales","Couche de roulement fabriquée à chaud avec 20 % d'agrégats d'enrobés, voies latérales et accès agricoles.",t,1400
03.03.0190.,"BBSG 0/6 tiède, 10 % AE, trottoir et piste cyclable","Couche de roulement fabriquée à ≤ 130 °C avec 10 % d'agrégats d'enrobés, mini-finisseur ou mise en œuvre manuelle.",t,520
03.03.0200.,"SMA 0/10, 40 mm, section courante, matériaux neufs","Couche de roulement, PmB 25/55-55, CPA ≥ 0,55, fabriquée à chaud, sans AE, PK 0+000–3+600.",t,7900
03.03.0210.,"SMA 0/6 tiède, 20 % AE, lot 4",Couche de roulement fabriquée à température abaissée avec 20 % d'agrégats d'enrobés.,t,3200
03.03.0220.,"BBDr 0/10, 50 mm, section acoustique PK 3+000–3+600, matériaux neufs","Béton bitumineux drainant en couche de roulement, vides > 20 %, fabriqué à chaud, sans AE; drainage de rive maintenu dégagé.",t,2300
03.03.0230.,"BBDr 0/6 tiède, 10 % AE, traversée résidentielle",Béton bitumineux drainant fabriqué à température abaissée avec 10 % d'agrégats d'enrobés.,t,900
03.03.0240.,"Asphalte coulé 0/10, 35 mm sur tablier OA-3, gravillonné","Couche de roulement coulée, température de malaxeur 230–250 °C, sans AE, gravillons 2/4 répandus et cylindrés.",t,640
03.03.0250.,"Asphalte coulé 0/6 tiède, trottoirs du tunnel","Couche coulée mise en œuvre à ≤ 210 °C avec additif abaisseur de viscosité, sans AE.",t,120
03.03.0260.,"Asphalte coulé 0/6, 10 % AE, quais d'arrêts de bus",Couche coulée à chaud avec 10 % d'agrégats d'enrobés.,t,90
03.03.0270.,"HRA 35/14 F en roulement, gravillons pré-enrobés, matériaux neufs","Enrobé cylindré à chaud type HRA, sans AE, gravillons pré-enrobés 14/20 répandus au gravillonneur.",t,850
03.03.0280.,"HRA 30/14 F en roulement, 10 % AE, traversée de village","Enrobé cylindré à chaud type HRA avec 10 % d'agrégats d'enrobés, gravillons 14/20.",t,600
03.03.0290.,"Couche d'accrochage C60 BP1, 0,30 kg/m² de bitume résiduel",Émulsion cationique répandue entre couches liées par répandeuse à rampe asservie; bordures et avaloirs protégés.,m²,118000
03.03.0300.,"Imprégnation sur GNT, bitume fluidifié MC-30, env. 1,0 l/m²",Cut-back à séchage moyen répandu sur la grave avant la première couche liée; circulation interdite jusqu'à séchage.,m²,9400
03.03.0310.,"Enduit superficiel, C69 BP3 + gravillons 6/10, chemins agricoles","Enduit monocouche, émulsion modifiée aux polymères et gravillons 6/10; balayage des rejets après 24 h.",m²,7400
03.03.0320.,"Enduit superficiel au bitume fluidifié répandu à chaud, piste forestière","Enduit bicouche au cut-back, gravillons 10/14 + 4/6.",m²,3100
03.03.0330.,"Pontage des joints de rabotage, produit coulé à chaud","Joints contre chaussée existante nettoyés, séchés, primairisés et pontés selon EN 14188-1.",m,5200
03.04.,Chaussées en béton,,,
03.04.0010.,"Dalle de surface de plateforme provisoire, non armée, C12/15","Dalle de surface de la plateforme de l'entreprise conservée après travaux, finition balayée, joints sciés tous les 4 m.",m³,260
03.04.0020.,"Dallage de la cour du centre d'entretien, C20/25, 200 mm","Dalle de surface, joints sciés tous les 5 m, goujons aux joints de dilatation.",m³,540
03.04.0030.,"Dalles de voie bus C25/30, béton désactivé","Dalles de surface des voies bus, finition désactivée, fers de liaison aux joints longitudinaux.",m³,700
03.04.0040.,"Dalle de roulement en béton goujonné C30/37, 260 mm, aire de repos","Couche de surface en béton non armé à joints, goujons Ø 25 tous les 300 mm.",m³,1650
03.04.0050.,"Dalles de la barrière de péage C35/45 XF4, striées","Dalles de surface à air entraîné, striage transversal; adhérence validée sur planche d'essai.",m³,1200
03.04.0060.,"Aire de manutention conteneurs, C40/50, durcisseur de surface","Couche de surface, classe d'abrasion selon EN 13892-3, surfacée à l'hélicoptère.",m³,900
03.04.0070.,Sciage et garnissage des joints transversaux,"Sciage sous 24 h, élargissement et mastic PU sur fond de joint.",m,8400
03.05.,"Bordures, pavages et marquage",,,
03.05.0010.,"Bordures T3, posées sur béton et épaulées","Bordures préfabriquées sur lit de béton C12/15 avec contrebutée, éléments courbes si nécessaire.",m,6200
03.05.0020.,"Bordurettes P1, trottoir et piste cyclable",Bordurettes préfabriquées sur lit de béton.,m,3900
03.05.0030.,"Pavés autobloquants 200 × 100 × 80, gris, lit de sable 30 mm","Pavés en béton préfabriqués, appareillage en chevrons, sable de jointoiement balayé, compactage à la plaque.",m²,2400
03.05.0040.,"Pavés en terre cuite, bandes en chevrons, parvis",Pavés en terre cuite 200 × 100 × 52 en bordures décoratives sur lit de mortier.,m²,380
03.05.0050.,"Couvertines de murets, éléments en terre cuite","Couvertines en terre cuite avec larmier, posées au mortier ingélif.",m²,140
03.05.0060.,"Marquage routier thermoplastique, lignes de 150 mm",Produit thermoplastique appliqué à chaud y compris billes de verre saupoudrées et prémarquage.,m,24000
4,Pont sur rivière OA-3 et ouvrages d'art,,,
04.01.,Fondations et soutènements provisoires,,,
04.01.0010.,"Pieux forés Ø 1200, piles en rivière P3–P5, C35/45 XC4/XA2","Pieux forés sous boue, L ≈ 32 m, bétonnage au tube plongeur, F5, Dmax 16; recépage après prise.",m³,1450
04.01.0020.,"Pieux forés Ø 900, piles à terre et culées, C30/37","Pieux tubés ou non tubés, L ≈ 18 m, bétonnage au tube plongeur, auscultés au titre du prix 00.03.0040.",m³,980
04.01.0030.,"Pieux à la tarière creuse Ø 600, fondations d'écrans acoustiques, C25/30","Béton pompé par l'âme de la tarière, cage d'armatures descendue dans le béton frais.",m³,310
04.01.0040.,"Micropieux autoforants à barre Ø 63,5, L = 12 m, culée C2","Barre creuse S 555/700 avec taillant perdu, injectée en cours de forage, y compris plaques et écrous de tête.",m,1440
04.01.0050.,"Batardeau P3/P4, palplanches AZ 26-700, L = 14 m","Rideau de palplanches en acier S355GP mis en fiche au vibrofonceur, y compris arrachage en fin de travaux; liernes et butons au titre d'autres prix.",t,380
04.01.0060.,"Semelles sur pieux P1–P8, C30/37 XC4/XA1","Semelles coulées sur béton de propreté après recépage des pieux, F4, cure 7 j sous toile humide.",m³,2200
04.01.0070.,"Semelles superficielles, portiques de signalisation G1–G8, C25/30 XC2","Semelles isolées y compris cages de tiges d'ancrage incorporées, surface talochée.",m³,190
04.01.0080.,"Semelle du pylône, passerelle PP-1, C35/45, bétonnage de masse","Coulage continu unique avec thermocouples, écart cœur-surface ≤ 20 K.",m³,420
04.01.0090.,"Béton maigre C16/20, 50 mm, sous semelles et étanchéités","Couche de réglage sous semelles isolées et étanchéité en feuille, talochée, protégée de la pluie 24 h.",m³,160
04.01.0100.,"Poutre de couronnement des palplanches du batardeau, C30/37",Poutre coulée en tête de palplanches y compris consoles de butons incorporées.,m³,95
04.01.0110.,"Liernes de la paroi en pieux sécants, puits d'attaque, C25/30","Liernes coulées contre les pieux sécants recépés, sur deux niveaux.",m³,140
04.01.0120.,"Butons et liernes, fouille profonde culée C2, C35/45","Poutres d'étaiement provisoires pour fouille de 14 m, démolies après remblaiement.",m³,210
04.02.,Appuis et murs de soutènement,,,
04.02.0010.,"Culée C1, voile et murs en retour, C30/37 XC4/XF1","Voile, sommier d'appui et murs en retour, levées ≤ 3,0 m, reprises de bétonnage selon plan B-110, parement soigné.",m³,860
04.02.0020.,"Culée C2, sommier d'appui et mur garde-grève, C35/45 XD2/XF2","Sommier avec bossages d'appui et mur garde-grève, enrobage 50 mm.",m³,640
04.02.0030.,"Murs de front des culées, zone d'éclaboussures de sels, C40/50 XD3/XF4","Murs de front et en aile exposés aux sels de déverglaçage, air occlus 4–6 %, enrobage 55 mm.",m³,180
04.02.0040.,"Fûts jumelés, piles à terre P1, P2, P8, C30/37 XC4","Fûts circulaires Ø 1,4 m, parement conforme au témoin, chanfreins 25 mm.",m³,520
04.02.0050.,"Chevêtres des piles P1–P8, C35/45 XD1",Chevêtres coulés sur cintre y compris bossages d'appui et points de vérinage.,m³,610
04.02.0060.,"Fûts des piles en rivière P3–P5, C40/50 XC4/XF1, coffrage grimpant","Fûts creux h > 25 m en levées de 4,0 m, liant à faible chaleur, suivi thermique des 3 premières levées.",m³,1400
04.02.0070.,"Avant-becs brise-glace des piles en rivière, C45/55 XF3/XM2","Avant-becs en coin au niveau des eaux, béton résistant à l'abrasion, coffrages métalliques.",m³,160
04.02.0080.,"Mur cantilever MS1, C25/30 XC4","Mur de soutènement en T renversé le long de la voie de service, h ≤ 4,5 m, barbacanes tous les 2 m.",m³,740
04.02.0090.,"Mur en L MS2 le long de la bretelle, C30/37 XC4/XF1","Mur de soutènement en L h ≤ 6,0 m, plots de 10 m, joints avec waterstop.",m³,1100
04.02.0100.,"Mur à contreforts MS5, exposition aux sels, C35/45 XD3/XF4","Mur de soutènement à contreforts sur bretelle d'échangeur, h ≤ 9 m, zone d'éclaboussures.",m³,480
04.02.0110.,"Dalles de transition culées C1 et C2, C25/30, longueur 6,0 m","Dalles derrière culées sur béton de propreté, articulées sur le garde-grève.",m³,230
04.02.0120.,"Dalles de transition aux têtes de tunnel N/S, C30/37, 350 mm","Dalles aux entrées routières des têtes, goujonnées sur le radier du tunnel.",m³,180
04.02.0130.,"Écailles de parement MS3, mur en terre armée, C25/30, 140 mm","Écailles cruciformes avec amorces d'armatures incorporées, métrées en surface de parement.",m²,3200
04.02.0140.,"Écailles architectoniques, murs en retour en terre armée PS-2, C30/37","Écailles avec matrice aspect pierre de taille, teinte conforme à l'échantillon.",m²,950
04.02.0150.,"Écailles résistantes aux sulfates MS4, remblai d'estuaire, C35/45","Écailles pour remblai renforcé par armatures en zone de marnage, enrobage 50 mm.",m²,1300
04.03.,Tabliers,,,
04.03.0010.,"Hourdis du pont principal, C35/45 XC4/XD1, E/C ≤ 0,45","Béton pompé et réglé à la règle vibrante automotrice, surface prête à recevoir l'étanchéité.",m³,3100
04.03.0020.,"Encorbellements du tablier, équipage mobile, C45/55 XD3/XF4","Encorbellements par plots de 5 m à l'équipage mobile, enrobage mini 45 mm sur faces exposées aux sels.",m³,720
04.03.0030.,"Dalle de tablier, passerelle PP-1, C50/60","Tablier mince et élancé en béton à la microsilice, autoplaçant, coulé en une seule fois.",m³,85
04.03.0040.,"Tablier dalle, passage supérieur agricole PS-3, C30/37","Tablier dalle pleine coulé sur cintre, y compris gargouilles et ancrages de garde-corps.",m³,260
04.03.0050.,"Entretoises du tablier précontraint, C25/30","Entretoises sur appuis et à mi-travée, y compris bétonnage autour des zones d'ancrage.",m³,240
04.03.0060.,"Poutres longitudinales précontraintes, travées 1–3, C30/37",Mise en tension au plus tôt à 30 MPa vérifiés sur éprouvettes conservées sur chantier.,m³,680
04.03.0070.,"Âmes et hourdis inférieur du caisson, encorbellements successifs, C35/45","Voussoirs 1–14, reprises repiquées, gaines de précontrainte testées à l'air avant chaque bétonnage.",m³,2400
04.03.0080.,"Longrines de rive et poutres de liaison en béton armé, C25/30",Longrines de rive des travées latérales y compris gargouilles et fourreaux de garde-corps.,m³,310
04.03.0090.,"Poutres retombantes, passage inférieur PI-7, béton armé, C30/37","Poutres retombantes sous tablier ferroviaire, sans précontrainte.",m³,190
04.03.0100.,"Poutres du tablier mixte au-dessus des voies ferrées, fortement armées, C35/45","Densité d'armatures > 250 kg/m³, béton pompé, aiguilles vibrantes ≤ 40 mm.",m³,260
04.03.0110.,"Poutres préfabriquées, passage souterrain piétons, C25/30","Fabriquées en usine agréée, transport et pose sur appareils d'appui en élastomère inclus.",m³,120
04.03.0120.,"Poutres des travées principales PR1–PR12, PS-2, C30/37","Coulées en moules métalliques, inserts de levage et clavages inclus.",m³,540
04.03.0130.,"Poutres du passage supérieur poids lourds PS-4, C35/45, levage grue 400 t",Mise en place pendant une coupure de circulation de week-end.,m³,610
04.04.,"Armatures, charpente métallique et équipements d'ouvrage",,,
04.04.0010.,"Armatures en barres B500B, tous diamètres","Façonnées et posées selon nomenclatures, y compris ligatures, chaises et cales.",t,4200
04.04.0020.,"Treillis soudés B500A, ST 25 C / ST 40 C","Panneaux y compris recouvrements, découpes et pose.",t,380
04.04.0030.,"Poutres reconstituées soudées S355J2+N, travées mixtes 6–8","Poutres principales fabriquées y compris soudures en atelier, préassemblage et système de protection anticorrosion.",t,1850
04.04.0040.,"Contreventements, raidisseurs et couvre-joints, S355",Éléments secondaires et assemblages y compris boulons HR.,t,240
04.04.0050.,"Appareils d'appui à pot, libres / guidés / fixes",Fourniture et pose y compris calage au mortier et blocages provisoires.,U,32
04.04.0060.,"Joint de chaussée modulaire, souffle 240 mm",Joint étanche à lamelles y compris ancrages et plaques antibruit.,m,44
04.04.0070.,"Étanchéité du tablier, système PMMA appliqué à l'état liquide","Primaire, membrane PMMA bicouche et couche d'accrochage, y compris essais d'adhérence.",m²,11800
04.04.0080.,"Coffrage de l'intrados y compris cintres, pont principal","Coffrage et étaiement de l'intrados du tablier, études et décintrement inclus.",m²,8600
04.04.0090.,"Dispositif de retenue sur ouvrage, H2 W3","Barrière de sécurité métallique galvanisée sur longrines de rive, y compris raccordements au dispositif de section courante.",m,860
04.04.0100.,"Garde-corps piétons sur ouvrage, h = 1,1 m, galvanisé et thermolaqué","Garde-corps à barreaudage vertical, fixé sur la longrine par scellements chimiques.",m,860
5,Tunnel du Kalkberg,,,
05.01.,Excavation et soutènement,,,
05.01.0010.,"Abattage à l'explosif, classes de rocher R1–R2, marins vers concassage",Excavation en pleine section dans du calcaire massif (RMR > 60); marins transportés vers l'installation de concassage pour production de granulats à béton.,m³,96000
05.01.0020.,"Abattage à l'explosif, classe R3, marins pour remblais",Demi-section supérieure et stross dans calcaire diaclasé (RMR 40–60); marins aptes au concassage pour remblais et couche de forme.,m³,64000
05.01.0030.,"Abattage à l'explosif, classe R4, marins en remblai de masse","Zones fracturées et altérées (RMR 21–40), volées réduites; marins utilisables uniquement en remblai de masse.",m³,21000
05.01.0040.,"Excavation en zone de faille R5, marins mis en dépôt","Brèche de faille et zones à remplissage argileux (RMR < 20), marins classés impropres et évacués en dépôt extérieur.",m³,7800
05.01.0050.,"Béton projeté de soutènement C20/25, 100–150 mm, R2–R3","Projection par voie mouillée, épaisseur contrôlée par forages témoins tous les 5 m, rebond compris.",m³,5800
05.01.0060.,"Béton projeté de soutènement C30/37, fibré, R4–R5","Voie mouillée avec accélérateur sans alcali, par couches ≤ 100 mm.",m³,4200
05.01.0070.,"Cintres réticulés à 3 barres, posés tous les 1,0–1,5 m","Cintres métalliques réticulés y compris platines de pied et boulons d'assemblage, R4–R5.",t,260
05.01.0080.,"Forages drainants au front, L = 24 m",Forages de drainage à l'avancement y compris tubes crépinés.,m,3600
05.02.,Revêtement définitif et têtes,,,
05.02.0010.,"Revêtement définitif, plots non armés, C25/30, coffrage outil","Plots coulés en place de 10 m, clavage de la voûte par buses d'injection.",m³,14500
05.02.0020.,"Revêtement définitif, plots armés aux rameaux, C30/37",Plots armés au droit des rameaux de communication et des niches.,m³,2100
05.02.0030.,"Voûte étanche, zone aquifère, C35/45 XA2","PK 1+200–1+650, ouverture de fissures ≤ 0,2 mm, joints de plots avec waterstop intérieur.",m³,3800
05.02.0040.,"Voussoirs préfabriqués, galerie de service au tunnelier, C50/60","Anneaux 6+1 préfabriqués, étuvés, tolérances selon recommandations AFTES, livrés au puits.",m³,1900
05.02.0050.,"Revêtement fibré, zone de faille à forte couverture, C60/75","Revêtement en béton fibré métallique sous > 400 m de couverture, résistance résiduelle en flexion selon note de calcul.",m³,350
05.02.0060.,"Radier, tubes principaux, C25/30","Radier coulé par plots de 12,5 m à l'arrière du front, y compris épaulements des collecteurs.",m³,6200
05.02.0070.,"Radier aux rameaux et garages, C30/37",Radier des sections élargies y compris puisards.,m³,640
05.02.0080.,"Radier en zone aquifère, C35/45 XA2","Radier étanche, joints avec profilé hydrogonflant et tuyau d'injection.",m³,1400
05.02.0090.,"Casquette et anneau de tête, tête nord, C25/30","Coulés contre le béton projeté, coffrage de voûte R = 6,10 m.",m³,520
05.02.0100.,"Cadre de tête et mur de front, tête sud, C30/37","Cadre de tête y compris mur de front et acrotère, coulé en 3 phases.",m³,610
05.02.0110.,"Prolongement de la casquette, galerie pare-blocs, C35/45","Prolongement en galerie de la casquette de la tête sud, fortement armé.",m³,380
05.02.0120.,"Bourrage du vide annulaire derrière voussoirs, mortier cellulaire ≈ 500 kg/m³","Mortier cellulaire injecté par phases à une pression ≤ 0,5 bar.",m³,700
05.02.0130.,"Étanchéité, géomembrane PVC-P 2 mm avec couche signal","Membrane sur géotextile de protection, soudures doubles contrôlées à l'air.",m²,38000
05.02.0140.,"Coffrage outil, location et exploitation","Coffrage outil hydraulique de 10 m y compris montage, ripages et démontage.",mois,14
6,Passage inférieur ferroviaire PI-7 et travaux de voie,,,
06.01.,Voie et plateforme ferroviaire,,,
06.01.0010.,"Ballast 31,5/63 neuf","Ballast de roche éruptive concassée selon EN 13450, carrière certifiée, mis en place et bourré.",t,14500
06.01.0020.,Ballast régénéré reposé sur voies de service,"Ballast récupéré lors du renouvellement, criblé et lavé des fines, reposé sur voies de service.",t,3200
06.01.0030.,"Sous-couche en grave concassée 0/31,5, 300 mm","Roche de carrière concassée sous ballast, EV2 ≥ 120 MPa, dévers 5 %.",m³,5400
06.01.0040.,Sous-couche 0/45 en matériaux de voie recyclés,"Matériau minéral recyclé concassé issu du renouvellement de voie, traité et certifié, sous ballast des voies de service.",m³,1300
06.01.0050.,"Rails 60E1, nuance R260, longs rails soudés","Fourniture, pose, soudure aluminothermique et libération des contraintes des rails.",t,420
06.01.0060.,"Traverses béton monobloc M450, précontraintes, écartement 1435 mm","Traverses selon EN 13230 avec attaches pré-montées, livrées par paquets de 10.",U,5800
06.01.0070.,"Dalle de plateforme, section ballastée km 12,340–12,980, C25/30","Dalle support par plots de 12 m, surface en pente pour l'évacuation des eaux.",m³,1450
06.01.0080.,"Dalle sous appareils de voie AV1–AV4, C30/37","Dalle de raidissement sous la zone d'aiguillages, y compris réservations pour fourreaux.",m³,380
06.01.0090.,"Dalle de base de voie sans ballast, section grande vitesse, C35/45","Dalle à air entraîné pour voie sur dalle, tolérance ±2 mm en nivellement, machine à coffrage glissant.",m³,2200
06.01.0100.,"Ballast usagé non pollué, code déchet 17 05 08","Enlèvement du ballast usagé de la voie renouvelée, analyses confirmant l'absence de pollution dangereuse; vers recyclage.",t,9600
06.01.0110.,"Ballast souillé par herbicides et hydrocarbures, anciennes voies de service",Ballast pollué excavé séparément et éliminé comme déchet dangereux.,t,1300
06.01.0120.,Gestion des interceptions et agents de sécurité ferroviaire,"Annonceurs, protection des interceptions et encadrement sécurité pendant les travaux de voie.",j,60
7,"Équipements de la route, soutènements et réseaux",,,
07.01.,"Dispositifs de retenue, murs et fourreaux",,,
07.01.0010.,"Glissière de sécurité H1 W4, galvanisée, accotements","Glissière métallique simple sur supports battus, y compris extrémités.",m,7400
07.01.0020.,"Main courante en bois sur poteaux acier, passerelle PP-1, h = 1,1 m","Main courante et lisse intermédiaire en bois dur certifié FSC, fixées sur poteaux galvanisés.",m,180
07.01.0030.,"Murs en gabions, grillage double torsion 2 × 1 × 1, remplis de pierres","Cages en grillage métallique tressé remplies d'enrochements concassés durables, ligaturées et tendues.",m³,1400
07.01.0040.,"Panneaux de soil-mixing, puits d'attaque, non armés, 600 mm","Panneaux réalisés par malaxage en place du sol avec coulis de ciment, sans profilés métalliques; résistance vérifiée sur prélèvements frais.",m³,2600
07.01.0050.,"Multitubulaire 4 × DN 110 SDR 17, PEHD","Fourreaux lisses avec aiguilles, posés en enrobage sable avec grillage avertisseur.",m,9600
07.01.0060.,"Caniveaux à câbles préfabriqués avec couvercles, le long des voies","Éléments de caniveau préfabriqués avec couvercles verrouillables, posés sur sable.",m,2400
07.01.0070.,"Panneaux d'écran acoustique, âme absorbante en plastique recyclé","Panneaux absorbants à âme en plastiques mélangés recyclés entre poteaux acier, h = 3,0 m.",m²,2600
07.01.0080.,"Panneaux de signalisation, rétroréflexion classe 2",Faces de panneaux sur tôle d'aluminium y compris supports et massifs.,U,140
07.01.0090.,"Plots rétroréfléchissants bidirectionnels, type œil de chat",Plots rétroréfléchissants collés à la colle bitumineuse.,U,2200
8,Matériaux fournis aux centrales de fabrication,,,
08.01.,Ciments et additions pour béton,,,
08.01.0010.,"CEM I 52,5 R, vrac, usine de préfabrication","Ciment Portland pour éléments préfabriqués à haute résistance au jeune âge, livraison en vrac.",t,2600
08.01.0020.,"CEM II/A-LL 42,5 R, vrac, béton de structure",Ciment Portland au calcaire pour bétons de structure courants.,t,5200
08.01.0030.,"CEM II/B-S 42,5 N, vrac, béton des appuis",Ciment Portland au laitier à chaleur d'hydratation modérée pour piles et culées.,t,3900
08.01.0040.,"CEM III/A 42,5 N-SR, radier du tunnel en terrain sulfaté",Ciment de haut fourneau pour bétons exposés XA2/XA3.,t,2800
08.01.0050.,"CEM III/B 32,5 N-LH/SR, bétonnages de masse",Ciment à faible chaleur d'hydratation pour semelles sur pieux et semelle de pylône.,t,1900
08.01.0060.,"CEM III/C 32,5 N, laitier > 80 %, milieu marin",Ciment à forte teneur en laitier pour ouvrages en estuaire.,t,600
08.01.0070.,"CEM IV/B (V) 32,5 N, bétons maigres et de propreté",Ciment pouzzolanique aux cendres volantes siliceuses pour bétons de faible résistance.,t,400
08.01.0080.,"CEM V/A (S-V) 42,5 N, béton de revêtement du tunnel",Ciment composé pour le revêtement définitif du tunnel.,t,3100
08.01.0090.,"Laitier moulu selon EN 15167-1, addition de type II","Laitier granulé de haut fourneau moulu pour bétons de structure, vrac.",t,2400
08.01.0100.,"Cendres volantes siliceuses EN 450-1, catégorie N",Addition de type II pour bétons de masse et bétons pompés.,t,1800
08.01.0110.,"Microsilice en suspension EN 13263-1, bétons de tablier et passerelle",Coulis non densifié pour bétons à haute résistance et faible perméabilité.,t,150
08.01.0120.,"Filler calcaire pour BAP, EN 12620",Calcaire broyé en addition pour béton autoplaçant.,t,700
08.01.0130.,"Farine de quartz 0/0,125 pour BAP",Poudre minérale inerte pour ajuster le volume de pâte des bétons autoplaçants.,t,220
08.02.,Granulats et eau pour béton,,,
08.02.0010.,"Gravillons 4/16 et 16/32, roulés naturels, lavés",Granulats alluvionnaires roulés selon EN 12620 pour bétons de structure.,t,52000
08.02.0020.,"Gravillons 2/16, béton recyclé type 1","Granulats de béton recyclé pour béton de propreté et petits ouvrages, taux de substitution ≤ 45 %.",t,6000
08.02.0030.,"Sable 0/4 naturel, lavé",Sable naturel selon EN 12620 pour toutes classes de béton.,t,38000
08.02.0040.,"Sable 0/2 recyclé, bétons maigres",Fines recyclées pour bétons maigres et de propreté.,t,1200
08.02.0050.,"Eau de gâchage, EN 1008, réseau public",Eau du réseau public via branchement avec compteur.,m³,18000
08.03.,Adjuvants et fibres pour béton,,,
08.03.0010.,"Superplastifiant haut réducteur d'eau PCE, BAP et béton de tablier","À base de polycarboxylates, dosage selon formule approuvée.",t,140
08.03.0020.,"Entraîneur d'air pour bétons XF2–XF4, air visé 4–6 %",Adjuvant entraîneur d'air selon EN 934-2.,t,22
08.03.0030.,"Adjuvant retardateur, bétonnages de masse estivaux",Retardateur de prise pour prolonger l'ouvrabilité par temps chaud.,t,30
08.03.0040.,Accélérateur sans alcali pour béton projeté,"Accélérateur liquide pour béton projeté par voie mouillée, dosage 4–8 % du liant.",t,380
08.03.0050.,"Adjuvant de résistance au jeune âge, voussoirs préfabriqués",Adjuvant permettant le décoffrage des voussoirs à 6 h.,t,18
08.03.0060.,"Hydrofuge de masse, radier étanche",Adjuvant cristallisant / colmatant pour béton étanche.,t,26
08.03.0070.,"Fibres métalliques à crochets 60/0,9, béton projeté","Fibres en fil tréfilé à froid, dosage 35 kg/m³.",t,150
08.04.,Constituants des enrobés,,,
08.04.0010.,"Bitume pur 50/70, fourniture en centrale","Bitume de grade de pénétrabilité selon EN 12591, livré en citernes calorifugées.",t,2900
08.04.0020.,"PmB 25/55-55, couches de liaison et de roulement",Liant modifié aux élastomères selon EN 14023.,t,1100
08.04.0030.,"Granulés de fibres de cellulose pour SMA, 0,3–0,5 %","Stabilisant anti-ressuage pour enrobés SMA, dosé par doseur pneumatique.",t,45
08.04.0040.,Additif tensioactif pour enrobés tièdes,Additif liquide incorporé au liant pour abaisser la température de fabrication de 30 °C.,t,12
08.04.0050.,Zéolithe synthétique pour procédé de moussage,Additif cristallin libérant de l'eau pour enrobés à température abaissée.,t,60
08.04.0060.,"Cire Fischer-Tropsch / amide, réducteur de viscosité",Cire de synthèse ajoutée au liant pour enrobés coulés et cylindrés à température abaissée.,t,9
08.04.0070.,Granulés de soufre pour liant allongé,Soufre élémentaire en granulés pour extension du liant des enrobés d'assise.,t,25
08.04.0080.,Fibres métalliques pour renforcement de l'assise aux arrêts de bus,Fibres d'acier ondulées ajoutées au malaxeur.,t,6
08.04.0090.,"Gravillons 6/10 basalte, CPA ≥ 0,55",Gravillons de basalte de carrière selon EN 13043 pour couches de roulement.,t,14000
08.04.0100.,Granulats recyclés 2/6 pour enrobés d'assise,"Granulats minéraux recyclés traités, certifiés pour enrobés d'assise.",t,3000
08.04.0110.,"Sable concassé 0/2, diabase",Sable selon EN 13043 pour tous enrobés.,t,9000
08.04.0120.,"Farine de roche 0/0,063 (grauwacke)","Filler d'apport pour enrobés, sec et fluide.",t,1600
08.04.0130.,"Filler calcaire 0/0,063, enrobés","Calcaire broyé en filler d'apport, livraison en silo.",t,1400
08.04.0140.,"CL 90-S dope d'adhésivité, 1,5 % des granulats",Hydroxyde de calcium ajouté aux enrobés pour améliorer l'adhésivité.,t,260
9,Bâtiments et petits ouvrages,,,
09.01.,"Béton coulé en place, bâtiments et ouvrages divers",,,
09.01.0010.,"C12/15 X0, gros béton et calage, travaux divers","BPE pour gros béton, calage de canalisations et remplissages non métrés par ailleurs.",m³,420
09.01.0020.,"C20/25 XC1, chambres de tirage, massifs de panneaux, têtes d'aqueduc","BPE, Dmax 31,5, S3, pour petits ouvrages.",m³,680
09.01.0030.,"C25/30 XC2, dallage sur terre-plein, bâtiment d'exploitation","Dallage de 250 mm avec treillis, surfacé à l'hélicoptère, joints sciés.",m³,360
09.01.0040.,"C30/37 XC4, voiles du local technique et de la galerie de câbles","Voiles d'épaisseur mini 300 mm, couches ≤ 500 mm.",m³,540
09.01.0050.,"C35/45 XC4, poteaux 1 à 14, bâtiment d'exploitation","Mise en place par goulotte pour éviter la ségrégation, parements vus conformes au témoin.",m³,120
09.01.0060.,"C40/50 XC4/XD1, ossature du bâtiment de ventilation","Poteaux et poutres, Dmax 16, S4.",m³,460
09.01.0070.,"C45/55, noyaux d'escaliers et d'ascenseurs, bâtiment de ventilation","Noyaux réalisés au coffrage glissant, bétonnage continu.",m³,380
09.01.0080.,"C50/60 à la microsilice, poutres de transfert","Poutres de transfert fortement chargées, écart de température ≤ 20 K suivi.",m³,90
09.01.0090.,"C60/75, éléments préfabriqués spéciaux, fourniture départ centrale",Fourniture seule y compris pompage; mise en œuvre métrée par ailleurs.,m³,40
