material_type,material_usage,material_subtype
Travaux Maritimes,Équipement maritime,Défense pneu usagé
Armatures,Armatures béton armé,Armatures de béton armé
Adjuvants,Adjuvants pour bétons,Métakaloin flashé ARGICEM - ARGECO Développement
Géotextiles et membranes,Géotextiles,Géotextile 250 g/m²
Additifs,Additifs pour mélange bitumineux,Additif pour WMA (organique)
Canalisations,Tuyaux,Tuyau PEHD
Bétons,Béton NF EN 206 CN,Béton X0 C16/20 150kg CEM I
Custom,Custom material (Carbon impact in tonne),
Liants bitumineux,Bitumes purs,Bitume pur 15/25
Bétons,Béton NF EN 206 CN,Béton XS3-XD3-XA2 C35/45 350kg CEM I
Mélanges Bitumineux,Enrobés bitumineux,SMA (enrobé tiède) 20% AE
Bétons,Béton Fascicule 65,Béton XS3-XC1-XC2-XC3-XC4-XS1-XS2-XD1-XD2-XF1-XA1 C35/45 350kg CEM I
Canalisations,Tuyaux,Tuyau acier nu
Appareils d'appui,Appareil d'appui élastomère,
Matériaux Sortants,Traitement des déchets,Déchets métal non-ferreux 
Mélanges Bitumineux,Enrobés bitumineux,GB1 (enrobé tiède) 40% AE
Mélanges Bitumineux,Enrobés bitumineux,BBMa (enrobé chaud) 30% AE
Additifs,Filler,Fillers calcaire : Dry ground calcium carbonate (GCC-Dry) Fine
Matériaux Sortants,Traitement des déchets,Déchets dangereux stockage 
Additifs,Additifs pour mélange bitumineux,Pigment rouge (oxyde de fer)
Joints,Joint bitumineux,Joint à revêtement amélioré
Plastiques,Tubes,Tube PEHD
Mélanges Bitumineux,Enrobés bitumineux,GB2 (enrobé chaud) 30% AE
Adjuvants,Adjuvants pour bétons,Accélérateurs de prise
Mélanges Bitumineux,Asphalte d'étanchéité pour ouvrage d'art,
Mélanges Bitumineux,Enrobés bitumineux,BBSG (enrobé chaud) 10% AE
Feuilles d'étanchéité,Feuille EPDM,
Adjuvants,Adjuvants pour bétons,Retardateurs
Adjuvants,Adjuvants pour boue de forage,Carbonates de sodium
Granulats,Granulats naturels,Granulats naturels
Plastiques,Polystyrène,Polystyrène expansé
Adjuvants,Adjuvants pour bétons,Laitier de haut fourneau
Mélanges Bitumineux,Enrobés bitumineux,EME2 (enrobé chaud) 40% AE
Produits métalliques,Profilés,Profilé à froid brut
Bois,Coffrage,Coffrage bois - local France
Canalisations,Canalisations en fonte ductile,Tuyau fonte ductile ∅ 200
Géotextiles et membranes,Géotextiles,Géotextile 150 g/m²
Mélanges Bitumineux,Enrobés bitumineux,BBSG (enrobé chaud)
Bétons,Béton Fascicule 65,Béton XC3-XC4-XS1-XS2-XD1-XD2-XF1-XA1 C30/37 330kg CEM I
Liants bitumineux,Bitumes modifiés,Bitume polymère 3.5%
Armatures,Pieux,
Liants bitumineux,Emulsions,Emulsion d'enrobage 65%
Travaux Maritimes,Produits métalliques,Opercule tête de pieu
Mélanges Bitumineux,Enrobés bitumineux,BBDr (enrobé chaud) 10% AE
Adjuvants,Adjuvants pour boue de forage,Carboxyméthylcellulose
Granulats,Granulats naturels,Gravillons
Travaux à l'explosif,Cordeaux,Cordeau 3.6 g
Matériaux traités aux Liant hydraulique,Grave ciment,Grave Ciment 6%
Équipements électriques,Éclairage extérieur,Mat de candélabre composite - 6 à 12 m
Mélanges Bitumineux,Enrobés bitumineux,BBME (enrobé tiède)
Travaux Maritimes,Équipement maritime,Bollard Acier 15 T
Mélanges Bitumineux,Enrobés bitumineux,SMA (enrobé chaud) 20% AE
Mélanges Bitumineux,Enrobés bitumineux,BBDr (enrobé chaud) 30% AE
Bétons,Béton NF EN 206 CN,Béton XS1-XS2-XD2-XA1 C30/37 330kg CEM I
Géotextiles et membranes,Géotextiles,Géotextile 800 g/m²
Canalisations,Canalisations en fonte ductile,Tuyau fonte ductile ∅ 300
Travaux Ferroviaires,Traverses,Traverse métallique
Canalisations,Tuyaux,Fourreaux TPC
Mélanges Bitumineux,Enrobés bitumineux,GB1 (enrobé chaud)
Équipements électriques,Câbles pose souterraine,Câble haute tension aluminium
Appareils d'appui,Appareil d'appui à pot,
Granulats,Déblais,Déblais réutilisés
Mélanges Bitumineux,Enrobés bitumineux,EME1 (enrobé chaud) 20% AE
Mélanges Bitumineux,Enrobés bitumineux,BBMa (enrobé tiède) 20% AE
Équipements métalliques,Garde-corps,Garde-corps métalliques normalisés
Mélanges Bitumineux,Enrobés bitumineux,BBDr (enrobé chaud)
Liants bitumineux,Bitumes modifiés,Bitume polymère 5%
Custom,Custom material (Carbon impact in m3),
Éléments préfabriqués,Poutrelles,Poutrelle en béton précontraint (12cm<hauteur<15cm)
Produits métalliques,Aluminium,Aluminium neuf
